Nose_x0,Nose_y0,Neck_x1,Neck_y1,RShoulder_x2,RShoulder_y2,Relbow_x3,RElbow_y3,RWrist_x4,RWrist_y4,LShoulder_x5,LShoulder_y5,LElbow_x6,LElbow_y6,LWrist_x7,LWrist_y7,RHip_x8,RHip_y8,RKnee_x9,RKnee_y9,RAnkle_x10,RAnkle_y10,LHip_x11,LHip_y11,LKnee_x12,LKnee_y12,LAnkle_x13,LAnkle_y13,REye_x14,REye_y14,LEye_x15,LEye_y15,REar_x16,REar_y16,LEar_x17,LEar_y17,action
90,39,90,42,84,42,79,38,77,33,96,42,101,38,104,33,85,61,85,74,86,87,93,61,91,75,90,86,90,38,91,38,88,37,93,38,handwaving
84,18,90,25,81,22,70,18,61,13,96,28,98,45,89,35,79,48,90,91,87,104,92,55,97,92,99,96,84,16,86,16,0,0,91,16,boxing
87,31,88,40,82,40,80,50,84,52,94,40,95,48,90,50,84,62,84,79,85,98,92,59,90,79,91,98,86,30,88,29,84,31,90,31,handclapping
82,36,82,42,75,41,67,37,69,31,88,41,97,37,93,31,77,59,78,72,76,83,85,59,85,74,87,86,81,35,83,35,79,35,84,35,handwaving
89,29,88,35,80,35,73,44,67,52,95,35,103,44,110,50,83,58,92,76,91,88,90,59,81,74,81,87,87,27,90,27,84,27,92,27,handwaving
0,0,94,7,87,6,83,15,81,23,101,8,106,22,108,31,90,30,93,42,101,52,96,31,93,42,86,63,0,0,0,0,0,0,0,0,walking
84,32,76,40,75,41,70,53,74,67,78,40,79,54,80,68,73,67,70,83,56,96,79,67,84,81,84,99,83,30,84,30,78,31,0,0,walking
111,10,116,20,114,20,0,0,0,0,114,21,96,19,92,16,115,42,0,0,0,0,116,42,115,52,0,0,0,0,112,8,0,0,114,10,boxing
89,37,89,45,81,45,79,56,90,56,96,45,100,55,92,55,84,67,83,82,83,95,92,67,89,82,87,95,88,36,90,36,86,37,93,37,handclapping
0,0,33,40,35,42,33,48,30,54,30,38,0,0,0,0,27,56,32,67,33,81,21,55,23,68,10,78,0,0,0,0,38,37,0,0,running
28,21,19,31,16,31,16,44,22,59,23,30,24,43,26,57,18,60,16,81,13,99,24,59,30,76,29,95,26,19,0,0,20,20,0,0,walking
83,25,83,36,76,36,71,49,66,61,90,36,94,48,99,57,78,62,78,84,78,102,88,62,84,84,84,102,81,23,84,23,79,25,86,25,handclapping
56,16,65,25,62,24,59,38,0,0,67,26,71,38,72,50,59,58,55,76,56,98,67,59,71,82,73,102,0,0,57,14,0,0,62,15,walking
118,24,125,33,122,32,118,46,0,0,128,34,123,47,121,53,119,60,116,77,113,95,124,61,125,78,139,95,0,0,119,22,0,0,124,23,walking
81,31,81,38,74,38,71,49,68,58,88,38,91,49,96,58,76,61,76,78,73,92,87,61,86,78,87,91,81,30,84,30,79,30,86,31,handwaving
103,29,103,35,96,35,87,40,81,44,109,35,117,42,122,44,99,56,98,72,97,86,107,57,106,72,106,87,102,27,104,27,100,28,107,28,handwaving
0,0,94,31,99,29,0,0,0,0,90,32,75,33,68,30,101,57,93,75,89,90,96,59,95,75,90,91,0,0,0,0,0,0,89,23,boxing
0,0,91,29,93,28,0,0,0,0,91,29,93,47,0,0,87,55,95,76,98,95,91,56,95,77,99,97,0,0,0,0,0,0,90,20,walking
91,34,90,40,84,40,81,49,82,55,95,40,98,48,98,52,86,59,84,72,84,82,92,58,93,72,91,82,90,33,92,33,87,33,93,33,handclapping
6,25,4,33,0,0,0,0,0,0,13,33,19,50,0,0,0,0,0,0,0,0,7,64,4,78,4,97,4,23,7,23,3,23,9,25,walking
92,24,91,34,83,33,77,46,68,53,99,34,105,48,115,57,86,61,87,79,87,98,96,61,93,80,92,99,90,23,93,23,87,23,95,24,handclapping
78,22,87,32,84,31,0,0,0,0,88,33,88,51,79,48,86,59,84,85,102,98,89,60,89,67,0,0,0,0,80,20,0,0,86,22,running
81,25,83,33,74,33,73,47,81,51,91,31,96,45,92,51,79,58,79,80,79,94,90,59,90,80,90,95,80,23,83,23,78,24,85,23,handclapping
92,34,94,37,85,33,77,30,69,21,101,37,110,31,117,22,87,55,85,81,82,102,99,55,97,86,96,104,90,33,93,32,89,30,96,31,handwaving
91,31,91,35,82,33,73,25,68,19,99,35,109,29,116,23,83,62,85,82,86,99,95,61,95,82,95,100,90,29,93,29,87,27,96,29,handwaving
80,25,81,34,71,33,68,44,75,47,90,35,90,47,81,46,74,57,73,77,69,93,85,58,85,76,88,94,79,23,81,23,76,23,84,24,handclapping
101,29,100,33,93,33,82,32,79,25,106,34,117,33,121,27,94,55,94,78,93,95,104,56,103,78,103,95,100,28,103,28,98,27,104,28,handwaving
90,38,82,50,77,47,0,0,0,0,84,54,0,0,0,0,87,61,96,76,99,97,87,62,96,76,98,97,87,35,93,36,81,35,0,0,running
101,26,101,35,95,34,85,38,84,33,108,35,114,44,121,49,96,55,95,71,94,85,104,55,105,72,105,87,100,25,102,25,99,26,104,26,handclapping
0,0,34,26,38,27,39,35,35,40,30,25,22,30,24,29,32,42,34,51,33,62,26,40,27,54,21,70,0,0,0,0,38,22,33,20,running
88,24,88,31,81,31,76,37,74,40,95,31,99,38,98,41,82,57,81,76,81,89,91,57,93,76,93,88,87,23,89,23,84,23,92,23,handclapping
93,36,93,42,85,40,77,36,73,30,99,41,108,37,115,31,88,65,88,80,89,95,96,65,96,80,96,94,92,34,95,35,90,35,96,35,handwaving
96,13,104,22,104,21,0,0,0,0,104,23,101,38,93,31,99,50,99,78,101,103,101,50,101,78,101,103,96,11,99,12,0,0,104,13,boxing
89,21,98,27,100,25,84,37,77,33,97,29,86,40,77,35,92,59,84,76,85,98,100,59,102,82,110,100,0,0,90,20,0,0,93,20,boxing
50,27,53,36,46,35,0,0,0,0,61,37,0,0,0,0,47,62,44,84,45,102,56,62,53,83,50,102,49,25,51,25,0,0,54,25,handwaving
91,29,91,38,83,37,81,50,77,61,99,38,101,52,103,64,87,64,87,84,87,101,94,65,93,85,91,102,90,28,92,27,89,28,93,28,handwaving
92,27,92,35,85,35,77,42,70,46,99,35,107,41,113,44,87,59,87,75,87,89,96,59,97,76,96,89,90,26,93,26,88,27,96,27,handclapping
70,16,79,26,76,25,71,40,67,40,82,27,84,44,71,42,75,55,70,74,70,97,82,55,84,78,87,98,0,0,72,14,0,0,77,15,boxing
99,20,99,31,90,31,84,40,79,40,107,31,113,40,117,44,94,59,93,84,93,102,105,59,106,85,104,103,97,19,101,19,95,20,103,20,handclapping
67,29,69,35,60,34,52,27,51,18,77,35,86,28,86,25,63,61,59,85,57,104,73,61,74,87,74,104,66,28,69,28,64,28,72,27,handwaving
95,25,102,32,107,31,0,0,0,0,99,32,90,41,86,33,99,57,99,75,99,87,98,57,99,75,98,89,0,0,96,24,0,0,98,23,boxing
96,23,106,29,101,30,103,42,99,45,110,29,115,40,107,48,107,51,110,74,126,91,112,52,100,76,97,97,0,0,97,22,0,0,102,20,running
109,16,100,23,92,23,95,38,112,25,108,22,119,23,131,16,98,50,115,77,0,0,106,50,117,78,119,101,107,15,109,14,101,14,0,0,boxing
83,23,84,33,74,32,68,48,64,62,93,33,101,52,107,66,79,67,81,82,82,102,89,67,83,83,83,104,81,22,84,21,79,22,87,22,handwaving
59,17,64,25,58,24,47,32,39,29,70,27,67,42,0,0,54,58,50,80,52,100,64,57,68,78,77,102,0,0,59,15,0,0,60,15,boxing
66,13,58,21,62,20,64,30,64,41,52,20,47,32,49,40,56,48,59,74,62,96,50,45,53,74,61,95,65,12,0,0,61,12,56,12,running
84,18,90,26,87,26,82,36,77,29,93,27,85,35,77,30,88,53,92,80,94,102,93,54,92,78,94,103,82,16,85,16,0,0,90,17,boxing
96,35,96,40,91,40,90,48,89,56,101,40,101,48,102,55,93,58,93,70,93,80,99,58,99,70,99,81,96,34,98,34,94,35,99,34,handwaving
90,20,82,30,80,33,84,47,87,58,84,29,88,44,0,0,84,58,82,75,65,86,87,57,92,72,93,89,87,18,90,19,82,21,0,0,walking
85,20,86,30,76,30,70,42,70,52,95,31,100,46,98,54,78,57,81,82,82,103,91,57,87,83,85,104,84,19,87,19,81,20,90,20,handclapping
66,25,63,31,59,32,59,46,61,57,67,31,67,45,70,56,64,57,67,76,66,95,64,57,64,76,48,89,64,24,67,24,62,24,0,0,walking
80,32,79,37,73,38,68,45,73,48,85,35,97,35,99,33,78,54,76,68,72,82,86,53,91,67,93,82,78,31,81,31,75,31,82,31,boxing
80,27,84,37,73,36,59,33,52,30,93,37,105,36,110,33,79,65,76,86,77,104,88,65,86,86,84,103,79,25,81,25,0,0,86,26,handwaving
94,27,95,35,87,35,76,41,67,45,103,35,109,42,114,50,88,68,87,89,86,102,100,68,102,89,103,103,93,25,96,25,90,25,99,25,handclapping
0,0,84,27,84,25,74,30,63,27,0,0,0,0,0,0,85,59,85,79,84,97,85,59,86,80,84,97,0,0,0,0,0,0,0,0,boxing
90,28,90,36,84,36,81,44,86,42,96,37,96,46,93,44,84,61,81,82,80,101,93,61,95,85,95,102,88,27,91,27,86,29,93,28,handclapping
79,23,77,35,69,35,67,50,67,65,85,34,89,47,89,59,73,65,69,83,65,101,84,63,85,81,88,100,78,22,81,22,75,22,83,23,boxing
99,16,102,25,95,23,93,35,94,52,107,27,107,40,107,53,97,51,101,68,102,88,103,52,101,68,103,89,99,14,101,15,0,0,104,16,boxing
15,18,9,29,6,31,9,44,13,55,11,29,16,40,19,53,13,53,12,71,0,0,18,52,24,68,28,84,13,16,15,16,8,18,0,0,walking
90,27,89,35,81,35,75,46,74,49,96,35,101,44,106,46,85,63,86,80,84,97,95,62,93,80,95,97,89,26,91,26,87,27,93,27,handclapping
93,20,85,29,83,30,92,41,99,35,89,28,95,39,101,31,84,57,87,78,83,98,90,57,84,77,82,98,92,18,0,0,86,20,0,0,boxing
100,19,111,25,109,25,104,44,0,0,113,27,113,44,0,0,108,58,109,79,113,100,110,58,101,82,102,104,0,0,101,17,0,0,107,16,boxing
82,38,82,45,74,45,63,43,61,36,90,45,101,43,99,36,78,70,78,88,79,104,87,70,87,88,87,104,81,37,84,37,79,38,85,37,handwaving
93,24,93,33,86,33,82,40,88,40,101,33,103,40,96,40,87,62,87,81,87,100,97,63,96,81,95,98,91,23,94,23,88,23,97,23,handclapping
61,31,52,39,50,40,50,55,56,67,53,38,0,0,0,0,53,64,55,80,53,96,52,63,54,80,53,97,59,29,61,29,54,30,0,0,walking
66,22,75,32,73,31,68,48,61,51,76,33,74,51,62,50,73,62,76,79,91,92,72,62,63,80,62,98,0,0,67,20,0,0,72,22,walking
87,26,87,33,83,32,81,38,84,33,93,33,93,38,91,33,82,55,81,77,81,95,90,55,89,77,87,95,86,25,89,25,84,25,90,25,handclapping
87,33,87,40,80,40,76,51,70,61,95,40,101,50,107,59,82,63,80,78,80,93,90,64,91,80,90,95,85,31,89,31,83,31,91,31,handwaving
76,14,85,19,90,18,0,0,0,0,82,20,70,22,59,20,87,48,84,67,85,84,83,48,86,67,85,84,0,0,77,12,0,0,81,13,boxing
91,22,87,31,83,31,92,42,101,35,91,29,99,30,104,30,84,55,87,78,84,98,90,55,87,78,84,99,90,20,91,19,84,22,0,0,boxing
87,29,87,35,79,35,77,46,77,57,94,35,102,27,100,20,79,61,81,82,84,100,90,59,90,83,87,100,85,27,88,28,82,27,90,28,handwaving
102,33,102,40,94,39,86,35,80,28,110,40,119,35,125,29,99,63,100,80,102,95,107,63,105,80,104,95,101,31,104,31,99,32,106,33,handwaving
0,0,113,3,0,0,0,0,0,0,0,0,0,0,0,0,109,17,107,31,104,48,114,17,117,27,119,43,0,0,0,0,0,0,0,0,walking
76,19,85,26,79,26,0,0,0,0,92,27,82,41,76,30,82,53,79,80,84,98,88,55,87,80,92,102,76,17,77,17,0,0,83,16,boxing
99,24,99,33,91,33,84,40,85,37,107,33,113,40,110,37,92,61,91,80,92,98,103,62,102,80,99,97,97,23,101,23,94,23,103,23,handclapping
67,20,61,29,56,30,48,44,63,50,68,28,69,38,0,0,53,55,69,72,71,91,60,55,68,72,72,92,64,19,67,18,61,21,0,0,running
98,18,107,25,110,25,0,0,0,0,105,26,104,44,90,51,107,61,96,81,100,104,106,61,110,85,110,106,0,0,99,16,0,0,105,17,walking
64,20,64,32,56,31,49,46,42,58,73,32,81,48,86,59,58,60,64,82,61,102,69,61,61,82,67,104,62,18,66,18,61,20,68,20,handwaving
100,40,100,47,94,47,90,55,86,63,105,47,108,55,112,64,97,63,97,75,97,85,102,63,101,76,101,85,99,40,101,40,97,40,103,40,handwaving
50,29,53,37,46,37,0,0,0,0,59,37,0,0,0,0,47,63,44,84,45,104,57,63,53,84,51,104,50,27,53,27,0,0,0,0,handwaving
0,0,100,45,0,0,0,0,0,0,102,46,104,49,0,0,96,58,90,71,74,78,101,58,106,76,113,87,0,0,0,0,0,0,0,0,running
47,27,55,35,54,35,0,0,0,0,56,36,56,48,55,57,54,57,51,70,56,97,56,57,55,69,58,97,0,0,48,25,0,0,51,26,walking
79,22,85,30,82,29,0,0,0,0,89,31,93,42,87,51,84,56,87,75,90,95,88,57,78,74,88,95,0,0,79,20,0,0,84,21,walking
96,40,94,45,93,45,86,45,0,0,96,45,0,0,0,0,93,56,93,65,92,75,96,56,96,65,96,75,96,39,0,0,94,39,0,0,handclapping
47,11,57,22,60,22,0,0,0,0,55,23,53,36,0,0,0,0,0,0,0,0,56,46,45,82,60,103,0,0,48,9,0,0,54,12,walking
83,19,94,28,90,28,87,43,79,55,98,29,100,46,100,61,87,57,84,82,98,98,92,59,84,82,87,104,0,0,84,16,0,0,90,16,walking
84,25,83,35,76,35,69,44,59,53,90,35,99,46,105,52,78,62,77,83,77,102,88,63,85,83,84,102,82,23,85,23,79,24,87,24,handclapping
91,19,90,30,81,31,77,44,83,40,99,29,106,42,103,37,84,59,81,84,78,102,96,59,93,83,93,100,89,17,93,17,87,18,96,18,handclapping
89,29,93,37,90,37,85,46,84,42,94,37,92,49,84,42,88,60,0,0,0,0,94,60,96,79,0,0,0,0,90,29,0,0,91,29,boxing
80,29,79,33,78,33,66,29,68,24,78,33,66,29,68,24,79,55,76,70,77,83,79,55,81,70,83,83,79,27,80,28,79,28,79,29,handwaving
61,23,56,29,59,29,59,40,0,0,53,29,61,42,66,61,53,59,64,78,56,97,58,60,56,79,52,97,59,22,0,0,56,23,0,0,walking
94,23,94,32,86,31,82,44,86,56,101,33,104,46,101,55,88,59,88,80,91,99,96,59,96,80,99,100,93,22,96,22,90,22,99,22,handclapping
130,16,131,22,127,21,124,29,123,35,135,22,136,30,139,37,130,37,130,47,126,57,133,37,133,46,139,53,130,16,131,16,129,16,133,16,walking
90,39,90,46,84,45,74,44,68,41,97,46,104,46,0,0,85,65,84,80,83,95,93,65,91,80,87,95,88,38,91,38,87,38,93,38,handwaving
67,28,68,37,61,37,48,36,44,33,75,38,77,50,73,46,62,64,61,87,59,107,74,65,76,83,76,105,66,27,68,27,64,28,71,28,handwaving
82,21,88,31,84,30,76,33,71,29,93,33,89,48,81,40,84,60,85,79,86,98,88,60,87,79,86,98,0,0,84,20,0,0,89,21,boxing
97,23,100,32,97,31,90,29,83,27,101,32,87,29,81,28,98,55,0,0,0,0,98,55,99,69,99,83,0,0,99,23,0,0,100,24,boxing
87,30,87,38,80,38,71,45,61,46,93,38,101,44,113,49,81,63,80,83,79,102,91,63,93,85,93,104,86,29,89,29,84,30,90,30,handclapping
90,24,92,35,83,35,76,49,70,58,101,35,107,49,113,63,86,63,84,86,79,106,97,62,95,84,94,102,89,22,93,22,87,23,96,23,handwaving
85,44,85,49,84,50,0,0,0,0,0,0,0,0,0,0,85,63,83,79,86,94,87,62,85,80,87,95,0,0,0,0,84,44,0,0,boxing
77,14,82,22,80,21,73,33,72,25,85,22,77,33,73,25,81,51,82,67,84,84,83,50,84,67,84,85,0,0,78,13,0,0,82,14,boxing
0,0,82,46,85,46,93,47,99,48,79,46,71,46,67,45,84,61,82,71,81,80,80,60,82,71,82,80,0,0,0,0,84,42,80,42,handwaving
90,19,90,28,82,28,81,41,85,46,99,28,102,42,93,44,86,57,84,78,83,95,96,58,97,79,96,97,89,18,92,18,87,18,95,18,handclapping
96,34,96,42,88,42,84,53,84,65,103,42,104,54,104,66,90,68,87,87,86,103,101,68,102,88,103,104,94,33,97,33,93,33,99,33,handwaving
0,0,95,34,98,33,0,0,0,0,91,36,76,41,71,37,101,59,96,74,102,97,97,61,96,76,101,96,0,0,0,0,0,0,91,28,boxing
91,27,91,37,82,36,78,45,73,49,99,37,104,46,110,48,85,61,84,78,80,91,95,61,96,80,98,95,90,25,93,25,87,26,95,26,handclapping
73,18,74,30,66,29,59,42,53,52,82,31,84,44,90,52,68,57,71,78,67,96,79,57,69,78,75,95,71,16,75,16,70,18,78,18,handwaving
79,20,80,31,72,31,64,42,57,50,88,32,94,44,101,50,75,59,76,80,74,97,83,60,76,80,80,97,78,18,81,18,76,20,84,20,handwaving
83,29,83,37,76,37,72,49,73,61,91,37,94,50,96,63,77,62,81,77,83,93,87,62,84,77,82,92,81,28,84,28,80,29,87,29,handwaving
87,21,90,24,0,0,0,0,0,0,88,24,79,25,68,25,87,46,85,71,84,94,88,44,86,72,85,94,0,0,87,20,0,0,87,20,boxing
89,38,84,42,87,41,94,42,101,42,82,42,80,46,99,42,86,55,84,67,84,76,84,55,84,66,83,75,87,37,0,0,86,37,0,0,boxing
88,29,89,38,82,37,79,49,81,43,96,37,97,49,0,0,85,62,86,75,87,94,93,62,90,75,90,95,87,28,89,27,85,29,92,28,handclapping
84,31,83,36,76,37,0,0,0,0,89,36,0,0,0,0,78,65,75,87,74,103,87,65,88,88,89,104,83,29,86,29,80,30,88,30,handwaving
42,27,36,35,35,35,38,47,44,58,37,34,0,0,0,0,34,57,29,75,29,89,36,57,30,74,29,89,41,25,0,0,38,26,0,0,walking
84,20,91,25,88,25,80,30,80,28,93,26,96,47,84,35,84,63,91,83,90,104,92,65,95,82,99,97,0,0,85,18,0,0,89,18,boxing
84,28,83,35,79,34,73,41,74,37,88,34,94,41,92,37,78,56,78,78,78,97,87,57,85,79,84,97,82,27,84,27,80,27,86,27,handclapping
89,18,91,22,83,22,77,17,0,0,100,20,104,13,0,0,90,57,96,81,0,0,87,57,81,80,0,0,87,16,91,16,84,15,96,15,handwaving
88,31,90,37,84,37,80,50,76,62,97,37,101,48,0,0,84,64,84,83,85,98,95,64,93,83,91,99,87,30,90,30,0,0,93,31,handwaving
67,26,68,38,60,38,53,48,44,58,76,38,81,52,0,0,62,65,60,87,59,106,74,64,74,84,75,105,65,25,69,25,63,26,71,26,handwaving
96,28,96,37,88,37,81,44,84,40,102,37,107,45,105,42,90,67,87,87,87,102,101,67,102,86,104,103,93,27,97,27,91,28,99,28,handclapping
88,27,87,36,78,35,64,37,58,36,94,36,106,37,116,35,81,61,81,84,84,102,90,62,90,83,93,104,86,25,90,25,83,27,91,27,handwaving
73,24,79,35,76,35,71,46,0,0,84,35,70,47,0,0,77,55,70,81,63,101,81,55,70,81,63,102,0,0,75,23,0,0,79,25,running
85,16,92,27,93,27,0,0,0,0,91,29,73,32,64,27,86,56,87,78,87,102,87,55,87,78,87,102,0,0,87,15,0,0,91,18,boxing
23,24,13,33,19,35,20,51,22,63,7,31,4,44,0,0,17,61,25,70,35,87,10,62,5,79,0,0,22,23,0,0,17,23,12,22,walking
93,28,93,35,87,34,78,28,75,23,99,35,107,31,114,24,87,57,88,79,88,97,96,57,95,79,93,97,92,27,94,27,90,27,96,27,handwaving
98,17,104,23,107,23,0,0,0,0,101,25,90,29,82,20,99,52,100,71,102,91,103,52,101,72,103,91,99,16,99,16,0,0,101,16,boxing
87,33,93,40,91,38,86,49,0,0,93,41,90,55,84,50,89,60,0,0,0,0,93,61,0,0,0,0,0,0,88,32,0,0,90,33,boxing
65,23,64,34,56,34,50,48,53,48,74,34,79,49,76,45,59,62,67,84,64,105,70,63,61,83,62,104,64,21,67,21,61,23,69,23,handclapping
84,28,84,37,77,36,71,48,64,54,91,37,96,49,101,56,79,61,84,77,83,93,88,61,82,77,82,93,83,27,86,27,81,28,87,27,handclapping
84,27,84,36,77,35,75,46,82,46,92,37,95,46,88,46,80,61,79,78,80,95,89,61,89,80,87,96,83,25,86,26,81,27,89,27,handclapping
36,23,35,28,31,27,27,31,27,36,39,29,38,35,36,35,30,40,31,51,27,59,33,41,33,51,28,58,36,22,38,23,33,23,38,23,running
94,28,93,35,87,35,79,40,70,42,100,36,110,41,118,45,87,57,87,78,87,97,97,57,96,79,94,97,93,27,95,27,90,27,97,27,handwaving
70,28,70,35,63,35,59,46,62,52,78,34,80,46,75,52,65,57,64,76,64,91,75,57,75,76,73,92,69,26,72,26,67,27,74,26,handclapping
81,20,74,28,71,29,73,43,0,0,77,27,84,34,87,32,73,55,73,80,70,97,79,55,0,0,0,0,80,18,0,0,74,18,0,0,boxing
100,19,98,29,89,28,82,41,76,51,107,29,111,40,119,46,93,56,92,75,90,89,101,55,101,76,102,94,98,18,101,18,96,18,103,18,handclapping
104,14,108,20,103,20,102,29,102,36,113,19,119,28,116,37,104,41,101,57,96,71,112,41,114,56,114,70,103,12,105,12,0,0,109,12,walking
148,3,149,5,146,5,144,9,144,13,150,6,152,9,151,13,147,14,147,20,147,27,149,14,149,21,148,27,149,3,0,0,147,3,0,0,running
132,18,124,26,121,27,119,38,119,53,128,25,132,37,0,0,122,51,0,0,0,0,130,49,0,0,0,0,131,17,0,0,127,18,0,0,walking
89,27,90,33,84,33,77,40,70,43,96,33,102,41,109,43,85,57,85,72,84,87,93,56,91,72,92,87,88,25,90,25,87,26,93,26,handclapping
0,0,56,38,0,0,0,0,0,0,0,0,0,0,0,0,50,63,47,85,48,103,59,63,56,85,54,104,0,0,0,0,0,0,0,0,handwaving
0,0,148,4,144,4,143,9,144,16,149,3,152,10,0,0,145,17,141,28,136,39,149,16,150,27,152,37,0,0,0,0,0,0,0,0,walking
75,27,76,36,68,36,62,45,53,42,83,37,90,45,99,42,71,61,72,80,70,95,79,61,77,79,80,95,73,26,76,26,72,27,79,27,handclapping
59,22,69,32,69,31,61,50,55,57,68,33,66,50,57,56,65,65,76,82,87,101,65,65,58,83,54,103,0,0,61,20,0,0,65,22,walking
86,31,87,37,80,37,69,38,61,38,93,37,104,40,113,41,83,55,81,67,83,80,90,56,90,69,91,80,84,29,87,29,83,29,90,29,handclapping
99,37,95,42,88,40,81,35,79,31,101,41,110,37,112,35,90,62,90,79,89,92,99,63,99,79,98,91,98,35,100,35,93,34,0,0,handwaving
77,19,78,30,69,30,67,42,70,47,87,31,90,44,80,48,73,57,73,76,71,91,82,58,84,76,84,93,76,18,79,18,74,19,83,19,handclapping
93,3,91,8,87,8,84,20,87,31,95,8,96,16,0,0,90,31,89,45,77,50,96,29,97,45,97,59,91,3,93,3,88,3,0,0,walking
96,26,96,34,87,34,80,28,76,22,104,33,114,30,119,23,91,63,92,83,92,99,101,62,100,83,99,98,95,25,98,25,92,25,100,25,handwaving
90,23,84,31,76,32,68,44,78,46,93,30,103,32,107,29,79,58,76,78,66,95,91,58,97,76,92,95,87,22,90,21,82,22,0,0,boxing
90,40,89,45,84,45,81,52,80,59,94,46,96,53,96,60,85,62,84,74,84,85,91,62,90,74,89,85,88,40,90,40,87,40,91,40,handwaving
89,20,94,25,97,24,0,0,0,0,92,26,82,26,70,23,93,48,89,73,90,93,90,49,89,72,91,93,0,0,90,19,0,0,91,18,boxing
77,21,86,30,84,29,0,0,0,0,87,31,90,49,85,62,80,62,81,76,79,95,87,63,90,80,105,90,0,0,79,20,0,0,83,20,walking
39,23,46,29,52,28,59,38,57,42,42,30,44,46,39,46,50,54,39,68,30,86,47,54,54,74,75,82,0,0,39,22,47,20,41,22,running
81,24,86,33,83,31,73,31,70,29,90,35,93,53,82,49,81,58,79,76,79,93,89,59,86,80,87,96,0,0,82,23,0,0,85,24,boxing
86,17,79,27,76,28,76,40,83,62,83,25,0,0,0,0,76,55,77,83,59,98,82,49,0,0,0,0,84,15,0,0,80,16,0,0,walking
90,29,90,35,83,35,76,42,70,49,98,35,105,46,113,54,85,57,85,77,87,93,94,57,94,78,96,94,89,27,91,27,87,28,94,28,handwaving
65,27,67,37,59,37,50,45,36,47,76,37,82,50,0,0,61,65,59,87,58,106,73,65,73,83,73,104,64,25,67,25,63,27,70,26,handclapping
66,27,66,37,57,36,47,46,36,53,76,37,84,48,96,55,60,63,59,83,59,101,70,63,71,82,70,102,64,26,67,26,61,26,70,26,handwaving
90,28,91,37,84,37,76,46,67,45,99,37,104,45,114,44,86,62,85,80,86,96,95,62,95,81,93,97,89,27,92,27,87,28,95,28,handclapping
75,25,72,34,64,35,60,45,53,46,79,34,84,45,93,47,67,67,70,79,67,104,78,66,74,78,75,104,73,23,76,23,68,24,0,0,handclapping
18,22,30,30,33,27,0,0,0,0,27,33,16,47,13,38,33,63,40,70,0,0,36,62,41,70,52,90,0,0,18,20,0,0,21,20,boxing
97,40,99,48,93,48,93,58,93,65,104,48,110,57,102,65,96,67,0,0,0,0,102,67,0,0,0,0,96,39,98,39,95,40,100,40,handclapping
87,37,92,48,90,47,84,52,79,48,94,48,86,53,79,48,88,64,89,81,95,102,93,63,91,78,95,102,87,36,88,35,86,37,90,36,boxing
50,27,45,37,43,38,42,52,48,59,47,36,0,0,0,0,42,61,39,75,35,89,48,61,53,74,61,88,49,25,51,25,45,27,0,0,walking
39,25,44,31,45,30,39,40,0,0,42,31,41,43,46,51,39,53,0,0,0,0,42,53,36,80,34,94,0,0,40,24,0,0,41,24,walking
144,25,151,31,148,31,0,0,0,0,153,32,148,52,141,67,144,63,147,84,149,106,148,65,136,78,142,102,0,0,145,23,0,0,150,22,walking
83,22,84,33,74,32,66,48,54,59,93,33,103,51,110,64,79,63,81,82,81,102,90,63,84,83,83,104,81,20,85,20,79,21,87,21,handwaving
97,31,99,39,90,39,79,44,68,46,105,39,116,44,127,47,93,67,90,86,90,102,103,67,105,87,107,104,96,29,99,29,93,29,101,29,handclapping
79,33,79,39,74,39,69,46,62,52,83,39,87,46,92,53,73,55,74,70,74,83,81,55,79,70,76,83,77,33,79,32,76,33,81,33,handwaving
72,22,73,31,64,30,53,31,53,27,81,31,93,31,91,27,67,56,64,79,62,97,79,56,80,80,81,97,71,20,73,20,69,21,76,21,handclapping
83,32,87,38,86,38,82,44,0,0,89,39,87,48,81,44,86,58,87,72,88,85,88,58,88,72,88,85,84,31,84,31,0,0,87,31,boxing
102,25,100,35,93,35,90,47,93,55,107,35,110,48,109,57,95,59,93,81,91,100,105,59,104,82,104,101,100,24,104,24,97,25,105,25,handwaving
81,27,84,35,82,36,74,38,67,36,86,35,74,38,66,36,81,60,84,80,84,96,85,61,85,80,84,96,81,25,83,25,0,0,84,26,boxing
83,30,82,41,74,41,70,55,67,66,90,41,94,52,99,64,76,67,75,87,74,103,87,66,88,87,88,104,81,28,84,29,79,29,87,30,handwaving
73,23,72,31,64,32,55,25,58,18,79,31,89,27,86,20,67,59,68,75,67,103,77,61,74,74,74,104,70,22,74,22,68,23,76,23,handwaving
87,27,87,38,78,38,73,51,68,64,95,37,99,49,103,63,81,65,82,84,86,98,92,65,92,83,93,99,85,25,88,25,82,27,90,26,handwaving
0,0,52,36,56,37,57,48,0,0,48,37,47,48,47,54,56,55,58,72,60,89,49,55,44,68,38,83,0,0,46,29,53,28,47,29,walking
80,24,82,35,73,35,59,41,53,37,91,34,103,40,107,39,76,63,75,86,74,103,87,63,89,85,89,103,79,23,82,22,76,25,84,23,handwaving
79,29,79,35,76,35,74,40,74,48,84,35,86,42,85,51,76,48,76,59,79,73,81,48,80,59,81,74,78,28,79,28,77,29,81,29,walking
91,35,91,43,82,43,81,56,81,65,99,44,101,55,0,0,88,65,89,73,0,0,96,65,93,74,89,95,89,34,92,33,87,35,94,34,handwaving
94,38,95,45,89,44,0,0,0,0,101,44,106,53,0,0,90,65,89,83,87,96,98,65,94,83,92,96,93,37,95,37,92,37,97,37,handwaving
90,30,89,37,83,36,76,46,71,54,96,37,101,49,107,56,84,60,85,78,87,95,93,59,93,78,96,96,89,29,91,29,87,29,93,30,handwaving
19,23,12,31,13,31,18,40,0,0,10,30,0,0,0,0,15,50,0,0,0,0,10,50,0,0,0,0,18,22,0,0,15,22,0,0,walking
0,0,83,24,86,24,84,33,0,0,79,24,80,33,81,41,87,40,88,50,88,53,83,40,81,49,87,54,0,0,0,0,84,18,79,18,running
153,27,145,33,150,34,0,0,0,0,139,32,132,44,0,0,147,57,141,78,147,97,139,54,0,0,0,0,152,25,0,0,149,25,0,0,running
0,0,60,14,64,14,66,24,65,31,55,15,55,25,53,33,62,31,61,43,69,54,56,32,56,43,56,54,0,0,0,0,61,7,56,8,walking
0,0,94,36,94,35,0,0,0,0,94,36,90,50,88,52,91,57,87,77,87,92,94,57,93,75,99,96,0,0,91,29,0,0,92,30,boxing
130,16,121,30,120,30,120,44,0,0,124,31,126,47,0,0,124,62,126,75,116,99,124,61,125,76,119,101,127,16,129,14,121,18,0,0,walking
89,29,90,38,81,37,70,42,60,38,97,38,107,42,116,40,84,63,82,80,79,93,93,63,96,83,97,98,87,27,90,27,85,28,93,28,handwaving
90,33,90,38,83,37,72,40,66,39,97,38,110,41,110,39,84,62,85,82,87,98,93,62,94,82,95,98,89,32,92,33,87,32,93,33,handwaving
84,31,83,38,76,38,69,50,63,61,90,38,96,52,100,67,76,65,76,83,76,100,85,65,83,83,81,100,83,31,85,31,80,31,87,31,handwaving
94,25,99,30,99,29,92,40,88,32,101,31,95,40,90,32,95,52,94,66,97,78,98,52,99,66,100,78,95,23,94,23,0,0,96,23,boxing
94,28,94,38,87,37,76,42,73,36,102,38,110,48,119,53,87,63,86,83,84,100,98,63,100,85,99,101,92,27,95,27,90,28,97,28,handclapping
81,27,87,32,81,30,73,28,59,24,91,35,90,49,79,44,79,59,76,76,79,92,87,60,90,78,101,95,81,25,82,26,0,0,85,26,boxing
24,23,35,29,39,26,0,0,0,0,31,31,24,46,19,38,41,52,44,68,56,90,31,56,27,72,25,93,0,0,25,22,0,0,27,22,boxing
81,24,88,31,90,30,0,0,0,0,87,31,75,37,70,31,88,55,85,72,87,90,85,55,86,72,86,90,0,0,82,23,0,0,86,23,boxing
92,33,84,44,80,46,77,61,76,74,88,42,90,55,95,64,83,73,91,87,93,105,84,72,79,87,76,103,90,31,0,0,86,33,0,0,walking
89,30,87,41,80,41,76,54,81,61,96,41,98,55,93,63,81,65,81,84,79,102,91,65,93,85,93,104,87,29,90,29,84,31,92,30,handwaving
80,17,87,25,89,25,0,0,0,0,84,26,69,31,63,26,85,49,81,80,81,102,81,50,80,58,0,0,0,0,81,15,0,0,87,16,boxing
111,28,112,32,106,32,101,27,0,0,118,32,124,27,123,26,107,59,105,76,106,93,115,59,114,77,113,93,110,26,113,26,107,26,115,27,handwaving
83,23,76,30,73,32,71,45,96,33,79,29,84,42,93,35,71,60,70,80,63,98,81,60,87,76,87,95,81,22,84,22,76,22,0,0,boxing
80,23,83,35,76,34,70,43,65,45,90,35,95,44,99,46,79,62,77,83,77,100,86,63,85,83,84,100,79,22,82,22,0,0,86,23,handclapping
99,29,100,31,92,30,0,0,0,0,93,32,0,0,0,0,93,63,89,85,87,102,103,64,104,87,101,105,98,27,101,27,97,24,104,25,handwaving
79,33,80,39,75,38,65,37,68,35,85,39,95,39,89,38,75,57,75,72,75,85,81,57,79,72,77,85,78,33,80,32,76,33,82,33,handwaving
84,27,76,37,77,38,70,49,67,61,75,36,0,0,0,0,79,62,77,82,75,98,77,63,77,83,76,98,82,26,0,0,79,27,0,0,boxing
81,23,87,33,89,32,0,0,0,0,87,34,75,45,68,38,87,61,86,80,85,102,84,61,79,79,81,102,0,0,81,21,0,0,85,23,boxing
86,26,87,38,77,39,76,53,0,0,96,37,0,0,0,0,82,61,0,0,0,0,93,61,0,0,0,0,84,25,87,25,81,26,90,26,handwaving
0,0,83,40,84,40,0,0,0,0,82,41,76,50,75,42,84,63,82,72,84,87,80,63,81,74,84,89,0,0,80,32,0,0,81,33,boxing
102,40,102,46,98,46,93,50,93,48,107,46,112,50,119,54,100,59,100,68,100,77,105,59,104,68,104,76,101,39,103,39,100,40,104,40,handwaving
101,17,106,25,101,24,96,37,94,25,110,26,107,38,96,27,99,49,103,72,104,89,106,50,103,72,105,90,102,16,102,16,0,0,106,17,boxing
86,25,86,35,78,35,71,48,62,57,95,35,101,52,108,62,80,63,82,85,82,104,89,64,87,86,87,104,84,23,87,24,82,24,90,25,handclapping
64,20,63,32,54,32,53,45,59,45,72,33,74,44,67,47,57,59,53,80,51,99,68,59,69,76,71,97,62,19,65,19,59,20,67,20,handclapping
104,26,103,33,100,32,92,29,87,27,107,32,117,29,124,23,101,54,101,72,99,87,107,54,108,72,107,85,104,25,104,25,104,24,104,25,handwaving
90,20,95,31,93,31,86,44,80,38,96,33,87,44,79,39,90,61,94,82,95,97,95,61,95,83,95,98,0,0,91,20,0,0,93,22,boxing
95,28,95,37,87,37,80,46,83,40,102,37,106,48,102,45,88,62,86,83,84,100,98,63,100,84,99,101,93,27,96,27,91,28,98,27,handclapping
104,19,96,26,88,25,99,38,101,27,105,27,104,41,104,27,91,61,88,86,79,106,98,58,110,80,96,102,103,17,106,16,97,16,0,0,boxing
39,31,32,35,34,37,30,46,32,53,30,34,23,35,0,0,29,53,42,61,40,75,27,53,23,65,11,80,39,29,0,0,36,30,0,0,running
88,31,90,39,79,38,61,44,0,0,99,39,121,42,105,42,84,60,80,86,80,102,94,60,94,85,93,104,86,29,90,29,84,29,93,29,handwaving
76,35,76,40,67,40,58,34,61,29,84,39,93,34,90,27,70,67,70,88,69,103,80,67,78,87,79,103,74,33,77,33,72,34,79,34,handwaving
82,33,88,40,81,40,77,47,69,50,95,40,99,48,101,53,82,65,82,82,84,99,93,64,92,82,89,100,83,31,84,31,0,0,90,33,handclapping
90,19,91,30,83,30,74,35,73,32,99,30,110,35,108,29,86,57,86,81,85,101,96,58,96,80,94,100,89,18,93,17,86,20,95,19,handclapping
93,23,89,31,85,31,82,42,81,59,93,30,104,29,113,28,84,53,0,0,0,0,92,55,0,0,0,0,92,22,93,21,88,23,0,0,boxing
62,23,62,32,56,31,51,38,44,42,70,33,76,42,75,40,57,59,58,80,59,98,68,58,66,80,65,98,61,22,64,22,58,23,67,23,handclapping
84,22,93,29,93,27,81,29,68,28,92,29,86,35,85,33,91,66,90,83,89,100,98,65,101,78,102,93,0,0,86,22,0,0,90,23,boxing
90,16,90,26,82,26,76,36,64,35,99,26,107,35,119,29,85,53,85,68,0,0,96,56,98,82,99,102,89,15,93,15,87,16,95,16,handclapping
0,0,110,40,113,40,113,44,0,0,108,40,102,43,99,40,113,52,112,64,112,77,109,52,110,64,111,78,0,0,0,0,110,36,109,37,boxing
87,21,90,35,80,35,0,0,0,0,99,34,0,0,0,0,0,0,0,0,0,0,0,0,0,0,0,0,86,20,89,20,84,21,91,21,handclapping
99,30,97,39,89,39,84,52,82,52,107,40,110,53,112,54,95,65,101,87,0,0,103,65,102,90,103,106,97,29,100,29,94,29,102,30,handclapping
0,0,100,27,0,0,0,0,0,0,0,0,0,0,0,0,92,64,91,87,89,102,103,64,103,87,103,102,0,0,0,0,0,0,0,0,handwaving
89,38,88,46,82,46,79,57,90,55,95,46,99,56,90,55,84,67,83,82,83,95,92,66,89,82,87,95,88,37,90,37,86,37,93,37,handclapping
82,21,84,31,76,32,71,44,67,52,93,31,100,43,101,55,80,59,79,78,78,98,91,59,92,81,91,99,80,20,84,20,79,21,87,20,handclapping
80,18,87,29,87,28,75,30,64,25,87,29,75,31,64,26,84,58,84,81,84,100,85,58,85,80,88,102,80,16,82,17,0,0,87,19,boxing
82,33,82,40,74,40,62,37,53,33,90,40,102,38,111,33,77,65,76,79,74,97,86,66,86,79,86,97,81,32,83,32,79,33,85,32,handwaving
146,18,153,27,152,26,146,40,141,51,154,27,151,42,144,53,147,52,147,70,151,85,153,53,150,70,153,85,0,0,147,17,0,0,151,18,walking
90,23,84,34,79,35,75,49,71,63,89,33,99,33,110,31,79,61,0,0,0,0,88,61,85,70,0,0,89,22,0,0,84,24,0,0,boxing
140,17,133,25,130,26,121,38,124,45,136,25,139,36,142,42,130,53,138,75,125,101,134,52,135,76,126,100,139,16,0,0,135,17,0,0,running
86,27,86,36,79,36,70,42,66,37,93,36,102,45,103,38,81,61,81,80,83,99,90,62,90,80,91,98,84,26,87,26,82,27,90,27,handclapping
87,27,87,37,81,37,71,46,61,50,94,37,106,46,118,51,81,61,81,82,79,100,91,61,93,83,94,100,86,27,89,26,84,28,91,27,handclapping
91,30,93,35,87,35,0,0,0,0,98,35,101,29,96,22,87,63,86,82,86,97,96,63,96,82,93,98,90,28,93,29,0,0,96,30,handwaving
88,38,87,45,81,45,76,55,82,57,94,46,99,56,93,57,83,67,83,81,84,94,91,66,89,82,88,93,86,37,89,37,84,37,91,37,handclapping
80,27,81,34,75,34,73,42,74,46,87,34,89,42,88,46,78,53,77,70,79,83,84,53,84,70,84,83,79,25,81,25,78,27,84,27,handclapping
84,35,82,41,76,40,73,50,71,57,88,41,89,50,90,57,79,59,77,73,76,83,85,59,87,73,87,83,82,33,84,33,80,33,86,34,handwaving
89,33,89,39,83,39,77,46,74,49,96,39,102,47,107,49,84,61,87,78,90,92,93,61,91,78,90,91,87,31,90,31,86,32,92,32,handclapping
79,23,83,35,75,35,67,44,57,42,91,35,98,45,102,43,79,63,76,83,77,100,87,63,85,83,84,100,79,22,81,22,0,0,86,23,handclapping
81,35,82,42,73,42,62,42,53,40,90,42,104,44,113,42,76,67,76,83,75,99,84,67,84,76,87,85,80,34,83,34,78,35,85,35,handwaving
94,36,95,42,90,42,0,0,0,0,101,42,106,52,0,0,91,63,90,81,88,95,98,62,94,80,92,94,93,35,96,35,91,35,98,35,handwaving
0,0,141,32,146,33,150,44,154,48,135,32,132,42,132,52,142,53,141,67,136,77,135,53,138,66,133,78,0,0,0,0,145,25,140,25,walking
93,28,93,37,86,36,73,32,68,23,101,37,110,44,119,48,87,63,85,82,84,99,97,63,99,85,99,101,91,27,95,26,90,27,97,27,handclapping
0,0,153,23,155,23,153,33,0,0,150,22,0,0,0,0,150,57,156,82,0,0,147,39,0,0,0,0,0,0,0,0,156,16,0,0,running
61,16,53,26,52,28,56,41,67,50,53,25,59,41,67,50,56,56,59,77,51,99,56,55,58,76,52,100,59,14,61,15,53,16,0,0,walking
0,0,126,33,129,33,0,0,0,0,127,35,122,52,113,61,128,66,135,85,140,101,124,65,113,85,106,96,0,0,0,0,0,0,121,26,walking
58,14,56,20,51,21,49,29,48,37,60,20,62,27,66,33,53,36,57,47,61,59,57,36,55,47,48,56,56,13,59,13,54,13,59,14,walking
82,27,84,37,77,37,75,47,81,48,90,37,91,49,84,48,78,62,79,82,81,97,86,62,85,82,84,97,81,26,84,26,79,27,87,27,handclapping
59,20,68,29,74,27,79,39,79,41,62,31,53,42,53,34,72,61,70,74,62,93,61,61,66,74,72,93,0,0,59,18,0,0,62,19,boxing
0,0,99,37,101,37,0,0,0,0,96,36,87,35,83,35,101,53,97,67,99,79,99,53,97,67,99,80,0,0,0,0,0,0,96,33,boxing
0,0,7,3,10,3,13,8,13,13,5,3,4,8,7,13,8,14,8,23,10,33,6,14,7,23,9,32,0,0,0,0,0,0,0,0,walking
95,27,95,35,87,35,78,39,66,42,103,35,115,42,129,46,89,68,88,88,87,102,100,68,101,87,102,104,93,26,96,25,90,25,99,25,handclapping
93,27,92,33,84,31,77,24,75,18,101,32,111,23,115,16,86,61,84,82,83,102,97,61,98,84,99,103,91,26,94,26,88,26,96,27,handwaving
0,0,43,37,47,38,48,48,0,0,39,36,37,52,33,64,46,61,33,83,27,93,42,63,34,83,27,92,0,0,0,0,46,32,44,31,walking
96,27,93,31,87,31,0,0,0,0,99,31,107,20,101,9,88,64,87,89,88,104,99,65,99,87,97,104,94,25,96,25,88,25,0,0,handwaving
88,37,87,44,81,44,75,50,67,50,93,44,99,49,107,51,83,63,82,79,82,93,90,64,88,80,89,93,87,36,90,36,85,36,90,37,handclapping
91,29,92,38,84,38,76,47,67,52,99,39,108,48,116,55,87,65,85,82,85,97,95,65,94,82,93,98,90,28,93,28,88,29,96,29,handwaving
84,34,85,38,81,38,76,44,73,48,90,38,93,44,96,50,82,54,81,66,81,76,88,54,88,67,86,77,83,33,85,33,82,33,87,33,handwaving
0,0,74,22,0,0,0,0,0,0,0,0,0,0,0,0,73,50,70,79,70,99,76,49,72,79,71,98,0,0,0,0,0,0,0,0,boxing
84,31,86,39,79,39,73,48,68,49,93,38,101,49,104,48,84,64,84,80,81,101,93,63,87,81,84,101,83,29,86,29,81,30,88,29,handclapping
90,29,90,38,80,38,72,50,63,55,99,38,107,46,118,52,83,65,82,83,80,102,94,65,96,87,96,104,88,28,91,27,85,28,93,28,handwaving
67,28,67,38,59,37,48,33,47,29,75,38,0,0,0,0,62,65,60,88,59,107,73,65,75,85,76,106,65,27,69,27,64,28,72,28,handwaving
90,22,96,28,97,27,0,0,0,0,94,29,82,30,72,25,90,54,93,78,93,100,92,54,94,78,93,100,0,0,90,20,0,0,91,22,boxing
102,38,110,44,108,44,0,0,0,0,111,44,106,54,0,0,114,62,119,75,129,89,113,61,104,71,106,82,0,0,103,37,0,0,104,36,running
80,38,79,46,73,46,67,53,59,57,86,46,93,53,102,55,75,71,76,88,76,103,84,70,83,88,84,104,79,37,81,37,76,38,83,38,handclapping
65,18,62,26,56,28,56,39,60,50,67,25,68,37,70,50,60,53,58,68,56,82,67,52,72,68,81,83,63,17,65,16,59,18,0,0,walking
87,30,86,41,79,41,75,55,79,61,93,42,96,55,92,63,80,65,79,84,78,103,90,65,92,86,92,105,86,29,89,29,83,31,90,31,handwaving
89,25,89,35,80,35,76,49,72,56,97,35,101,48,0,0,85,56,0,0,0,0,94,55,0,0,0,0,87,23,90,23,84,24,93,24,handwaving
84,25,81,33,74,33,68,42,59,40,89,32,96,42,106,40,76,58,77,79,77,98,87,59,85,80,83,98,81,24,84,24,78,24,0,0,handclapping
41,24,32,29,27,28,24,39,0,0,36,30,36,44,34,49,25,55,39,66,33,83,30,55,39,66,33,84,39,22,41,23,36,22,0,0,running
84,17,92,27,90,26,79,23,67,22,94,29,91,44,0,0,89,57,90,80,91,98,92,57,90,80,92,100,0,0,85,15,0,0,90,16,boxing
86,18,93,27,0,0,0,0,0,0,92,28,81,31,71,27,93,50,90,82,90,100,90,50,88,63,0,0,0,0,87,17,0,0,92,18,boxing
80,27,85,37,0,0,0,0,0,0,86,37,73,37,64,31,81,61,87,81,87,96,85,60,89,81,89,96,0,0,81,26,0,0,84,27,boxing
85,42,86,48,82,48,76,45,72,43,91,48,99,45,101,44,82,61,83,71,84,81,87,62,86,72,85,81,85,42,86,42,85,42,87,42,handwaving
31,33,38,39,33,40,33,53,0,0,43,40,47,50,49,59,37,65,34,79,29,94,44,64,36,79,28,95,31,32,32,32,0,0,36,32,running
0,0,95,31,0,0,0,0,0,0,88,33,75,34,69,31,101,59,93,75,90,92,0,0,0,0,0,0,0,0,0,0,0,0,90,24,boxing
0,0,140,10,145,10,147,19,144,22,134,9,130,16,133,20,141,27,138,38,138,48,136,26,136,38,135,47,0,0,0,0,144,4,138,4,running
73,23,73,32,66,31,55,39,42,43,82,33,90,42,0,0,67,57,68,81,68,100,77,58,76,80,73,99,72,22,75,22,70,23,78,23,handwaving
0,0,104,33,104,33,97,44,0,0,104,35,104,47,97,46,101,53,99,68,99,88,105,53,104,68,110,85,0,0,0,0,0,0,99,24,boxing
90,28,90,36,82,36,74,44,65,43,97,35,104,43,113,42,85,61,84,78,86,95,94,61,93,79,92,95,87,27,91,27,85,27,93,27,handclapping
89,25,85,30,83,31,81,40,85,50,88,30,90,39,93,49,86,48,87,59,82,68,89,48,88,59,83,68,88,24,0,0,86,24,0,0,walking
104,33,104,39,99,39,89,38,84,37,110,38,120,37,125,34,100,59,99,75,98,88,107,59,108,75,109,89,103,32,104,31,101,32,107,32,handwaving
103,19,113,26,110,25,107,40,104,42,115,26,121,40,107,42,108,50,110,80,111,100,113,51,104,81,105,102,102,17,104,16,0,0,109,16,boxing
79,20,79,29,71,29,62,38,50,44,87,30,96,42,107,45,73,59,73,76,72,91,83,59,84,76,85,94,78,19,81,19,75,20,84,20,handclapping
79,34,86,38,86,37,79,55,76,63,87,40,86,54,79,46,84,65,90,80,99,96,88,65,83,82,84,102,0,0,81,33,0,0,83,33,boxing
45,24,35,31,31,32,31,51,42,61,38,31,38,49,0,0,32,63,24,83,13,104,39,63,44,82,52,101,44,22,0,0,38,21,0,0,walking
71,23,73,34,65,34,62,46,58,48,81,35,84,45,86,47,67,61,67,83,67,100,77,62,75,82,76,99,70,22,73,22,67,23,76,23,handclapping
86,43,87,48,81,47,76,43,73,40,92,47,99,44,99,41,82,61,83,70,84,80,87,61,87,71,86,80,85,42,87,42,84,42,88,42,handwaving
4,35,2,41,0,0,0,0,0,0,6,42,7,50,4,52,0,0,0,0,0,0,3,57,0,0,0,0,4,34,4,34,0,0,0,0,running
75,22,70,31,64,32,62,46,74,42,76,29,82,39,85,35,67,58,67,74,66,89,74,57,73,74,70,88,73,21,76,20,69,22,0,0,boxing
56,16,49,25,53,25,71,23,78,20,45,24,0,0,0,0,52,50,51,60,47,98,45,50,49,60,0,0,55,14,0,0,49,16,0,0,boxing
53,20,46,29,43,30,43,45,47,53,49,27,55,40,62,45,47,56,48,67,45,101,53,55,48,67,0,0,52,18,53,18,47,18,0,0,boxing
54,24,55,35,47,34,38,38,27,38,62,35,63,48,0,0,48,61,45,83,47,101,58,61,57,83,55,102,53,23,56,23,50,24,58,24,handclapping
107,12,110,18,105,18,103,27,103,35,114,20,116,29,116,36,105,37,103,52,106,67,110,38,110,53,110,68,107,11,108,11,0,0,111,12,walking
86,28,87,37,79,36,76,48,73,61,93,37,95,50,96,61,80,64,79,85,80,105,90,63,89,85,87,105,84,26,87,26,82,27,90,27,handwaving
93,16,93,23,87,23,87,32,90,35,99,23,100,32,96,36,90,43,89,58,90,72,96,43,96,59,96,71,91,15,94,15,90,16,96,16,handclapping
78,19,87,22,91,20,0,0,0,0,83,24,68,26,59,22,93,50,93,68,102,88,87,52,79,68,79,91,0,0,79,18,0,0,81,17,boxing
99,23,97,32,89,31,83,38,79,41,106,33,113,42,113,46,91,52,92,68,0,0,101,52,99,81,98,97,97,22,100,22,94,23,102,23,handclapping
80,35,79,42,71,40,65,34,70,30,85,43,0,0,0,0,74,67,75,85,76,100,84,67,84,85,84,100,79,34,81,34,75,33,84,35,handwaving
83,37,84,41,83,39,77,38,70,37,0,0,0,0,0,0,83,55,82,68,82,81,82,55,82,68,83,81,0,0,0,0,82,36,0,0,boxing
98,29,99,36,89,35,75,40,62,44,108,36,122,42,133,45,93,65,89,85,89,102,102,66,89,84,87,101,96,27,99,27,94,26,103,25,handwaving
81,26,84,33,81,31,73,29,65,28,87,35,93,45,87,45,82,55,0,0,0,0,84,55,0,0,0,0,82,24,82,25,0,0,84,26,boxing
87,38,87,42,82,42,76,42,78,40,92,42,98,43,95,40,83,60,82,72,81,83,89,59,89,72,88,84,86,37,88,37,84,37,89,37,handwaving
0,0,32,32,36,32,37,42,0,0,27,33,27,44,27,49,34,50,35,64,42,76,29,50,26,65,26,78,0,0,0,0,33,23,27,24,walking
0,0,107,28,113,28,112,40,0,0,103,29,103,42,102,49,111,49,113,63,116,81,105,49,101,57,95,71,0,0,0,0,110,20,103,20,walking
92,29,91,34,83,32,76,25,76,22,99,35,108,27,110,20,84,61,86,82,85,99,95,60,95,82,95,100,90,27,93,28,88,26,96,28,handwaving
90,16,89,27,80,27,73,37,69,39,98,28,107,37,113,33,83,57,85,78,83,100,94,59,95,82,98,102,88,15,92,15,85,16,93,16,handclapping
0,0,87,42,86,43,0,0,0,0,89,42,0,0,0,0,85,57,86,66,87,78,86,57,86,67,87,78,0,0,0,0,0,0,0,0,boxing
81,18,80,28,72,28,63,37,62,38,90,29,99,41,94,38,75,55,76,83,77,100,85,53,86,83,84,100,79,16,82,16,76,18,85,18,handclapping
85,20,94,26,91,25,0,0,0,0,96,27,76,38,72,27,87,62,91,83,90,104,90,61,95,82,99,97,0,0,85,18,0,0,88,18,boxing
0,0,77,42,75,41,66,44,53,49,0,0,0,0,0,0,76,62,73,82,73,96,74,61,73,82,76,97,0,0,0,0,0,0,0,0,handclapping
66,29,61,33,59,35,64,47,69,57,63,33,66,43,0,0,61,55,64,68,0,0,64,53,67,68,76,83,66,27,0,0,64,27,0,0,walking
87,31,87,37,81,35,72,39,64,39,93,37,100,42,109,44,81,57,83,72,84,85,90,57,90,72,88,85,86,29,88,29,84,30,90,30,handclapping
67,23,67,34,58,34,47,42,32,42,76,35,89,45,101,44,61,63,61,84,61,106,72,63,69,85,67,106,66,21,69,21,63,22,71,22,handwaving
95,18,96,29,87,29,79,37,72,36,103,29,112,35,119,34,90,57,90,82,90,102,101,56,100,84,98,103,93,17,96,17,90,18,99,18,handclapping
131,18,121,28,123,29,124,42,124,57,121,27,0,0,0,0,124,58,127,78,118,100,120,57,127,79,120,99,130,16,0,0,126,18,0,0,walking
92,35,93,42,87,41,78,45,72,42,98,42,105,46,112,44,86,63,87,79,87,94,95,64,95,79,94,93,91,34,93,34,89,34,95,35,handclapping
0,0,8,29,16,25,25,33,21,35,4,31,0,0,0,0,24,47,0,0,0,0,16,54,0,0,0,0,0,0,0,0,7,19,4,20,running
91,24,91,33,82,33,69,41,58,46,100,33,113,43,121,49,84,63,83,83,81,100,95,63,96,85,95,103,90,23,93,22,87,23,95,23,handwaving
46,20,42,29,0,0,0,0,0,0,43,30,44,33,43,25,39,46,49,68,51,86,41,44,38,54,0,0,45,19,0,0,41,20,0,0,running
87,29,87,37,81,37,74,46,76,42,93,37,96,46,93,46,82,61,81,83,79,101,92,61,93,83,93,104,86,28,88,28,84,29,90,29,handclapping
86,24,90,32,88,32,0,0,0,0,92,33,79,33,69,27,86,57,91,78,92,93,91,57,93,78,94,94,0,0,87,23,0,0,90,24,boxing
93,28,92,36,85,36,80,46,73,48,98,37,104,44,108,47,86,61,94,81,85,98,96,62,85,80,93,96,91,27,94,27,89,27,96,27,handclapping
92,24,92,32,83,32,71,39,60,44,99,32,115,38,124,42,84,61,84,83,84,98,96,62,96,83,94,99,90,23,93,23,88,23,96,23,handwaving
13,25,7,31,4,33,6,52,0,0,9,32,7,55,0,0,0,0,0,0,0,0,6,56,17,68,13,86,13,25,0,0,8,25,0,0,running
78,20,79,31,71,31,67,46,64,57,88,31,91,46,91,59,73,58,71,80,70,100,84,58,82,80,83,98,76,18,79,18,74,20,82,20,handclapping
79,33,80,41,73,41,71,51,75,55,87,42,88,53,81,56,76,65,74,83,74,98,83,66,83,83,84,98,78,31,81,31,76,33,84,33,handclapping
84,16,80,22,76,23,73,33,73,44,84,22,85,32,87,42,78,42,79,56,76,74,82,42,81,56,77,74,83,15,84,15,80,16,0,0,walking
85,27,87,34,83,32,74,31,67,31,91,35,86,46,81,37,82,54,84,71,85,87,87,55,86,71,85,88,85,25,87,26,0,0,90,27,boxing
90,31,92,35,84,34,81,49,82,57,99,35,106,26,102,20,84,62,86,82,86,100,96,61,95,82,94,100,90,29,93,29,87,28,96,29,handwaving
75,23,73,35,65,35,59,44,53,45,81,35,89,46,93,44,67,63,71,79,70,102,77,63,74,78,76,102,73,22,77,22,71,23,79,23,handclapping
71,17,79,27,78,26,70,36,64,35,81,29,69,37,59,35,74,53,0,0,0,0,79,54,80,60,0,0,0,0,73,15,0,0,78,16,boxing
84,27,84,34,79,34,76,42,78,36,89,35,93,42,90,36,78,56,79,78,79,97,87,56,84,78,84,97,83,27,85,27,81,27,87,27,handclapping
0,0,82,33,83,32,70,34,63,28,80,33,70,35,64,27,83,57,84,78,82,97,81,56,83,78,83,97,0,0,0,0,79,28,79,29,boxing
90,26,85,32,84,33,94,40,104,35,87,31,95,38,101,36,84,56,84,74,81,92,87,56,84,73,82,93,89,25,90,25,85,25,0,0,boxing
81,31,81,35,76,35,70,29,0,0,87,33,93,28,0,0,76,61,75,82,75,97,84,61,85,82,85,97,79,30,82,30,77,30,85,29,handwaving
90,38,90,46,82,44,73,43,0,0,97,46,98,57,96,62,84,65,83,82,83,95,91,66,90,83,88,94,88,38,91,37,87,38,93,38,handwaving
78,20,79,31,71,31,67,43,61,53,88,31,95,42,101,51,73,57,70,82,70,101,85,57,83,81,80,98,76,18,79,18,73,20,82,19,handclapping
78,31,82,38,81,38,75,44,73,38,84,39,76,46,73,38,79,60,79,75,79,88,79,59,80,75,79,88,0,0,79,30,0,0,81,31,boxing
71,23,73,32,64,31,53,27,0,0,82,33,0,0,0,0,67,57,68,80,67,98,78,57,75,80,73,98,70,22,73,22,68,23,76,23,handwaving
87,29,87,37,80,37,79,48,83,50,94,38,94,49,88,50,81,59,79,79,79,97,89,59,89,81,85,98,86,27,89,27,84,28,92,29,handclapping
59,21,53,29,48,31,50,44,63,40,59,28,67,32,72,30,51,56,51,78,47,92,59,57,57,78,53,92,58,20,59,20,53,21,0,0,boxing
91,35,93,41,0,0,0,0,0,0,93,41,83,41,76,39,92,59,90,67,90,80,92,59,90,68,91,80,91,33,93,33,0,0,93,35,boxing
96,31,94,36,88,36,86,45,92,41,100,36,102,45,96,42,90,58,90,73,91,89,98,59,96,74,96,88,94,29,96,29,92,29,98,29,handclapping
56,17,49,24,47,25,51,40,64,43,51,23,54,40,65,43,50,52,51,65,0,0,51,52,49,65,47,99,54,15,56,15,49,16,0,0,boxing
96,25,101,36,98,35,93,46,89,51,103,37,105,49,105,61,101,61,107,75,113,89,99,61,93,76,82,89,97,24,99,23,0,0,101,25,walking
87,16,97,29,101,27,0,0,0,0,96,32,90,43,84,34,90,53,94,80,94,100,94,53,94,80,94,101,0,0,89,16,0,0,92,19,boxing
83,16,91,25,96,26,0,0,0,0,88,25,76,31,63,31,90,53,90,81,91,102,87,53,90,80,91,102,0,0,84,14,0,0,88,16,boxing
99,29,100,35,92,35,83,27,87,22,107,35,116,29,116,23,94,65,93,84,94,102,104,65,103,84,101,102,98,27,101,27,96,27,103,28,handwaving
82,23,84,32,76,33,71,41,67,47,92,31,96,42,97,52,79,57,77,80,78,93,91,55,88,78,89,94,81,23,84,22,79,23,86,23,handclapping
72,36,78,42,79,41,0,0,0,0,78,42,77,54,73,59,79,64,76,78,73,92,77,63,76,78,92,85,0,0,73,35,0,0,75,35,walking
90,29,84,37,79,38,74,51,83,59,88,36,95,40,102,42,82,60,81,80,79,97,89,59,81,80,80,97,88,27,89,27,83,28,0,0,boxing
11,22,20,32,23,31,0,0,0,0,16,33,9,48,3,53,22,63,22,83,30,102,18,63,22,83,29,101,11,19,13,19,0,0,19,20,walking
90,21,96,31,91,30,81,38,84,33,102,32,101,44,90,40,89,59,88,77,90,95,98,59,101,78,101,98,0,0,93,19,0,0,97,21,boxing
